{
  "inputDatasetSmartName": "IndividualProjectDataset_111_distinct",
  "script": {
    "steps": [
      {
        "type": "SplitUnfold",
        "params": {
          "column": "channel",
          "separator": " ",
          "keepEmptyChunks": false,
          "overflowAction": "ERROR",
          "limit": 100
        },
        "metaType": "PROCESSOR",
        "preview": false,
        "disabled": false,
        "alwaysShowComment": false
      },
      {
        "type": "FillEmptyWithValue",
        "params": {
          "value": "0",
          "appliesTo": "COLUMNS",
          "columns": [
            "Unknown",
            "Recovery",
            "Online",
            "App",
            "External",
            "Center",
            "Branch"
          ]
        },
        "metaType": "PROCESSOR",
        "preview": false,
        "disabled": false,
        "alwaysShowComment": false
      },
      {
        "type": "ColumnsSelector",
        "params": {
          "keep": false,
          "appliesTo": "COLUMNS",
          "columns": [
            "channel",
            "Agent",
            "Call"
          ]
        },
        "metaType": "PROCESSOR",
        "preview": false,
        "disabled": false,
        "alwaysShowComment": false
      },
      {
        "type": "ColumnRenamer",
        "params": {
          "renamings": [
            {
              "from": "External",
              "to": "External Agent"
            },
            {
              "from": "Center",
              "to": "Center Call"
            }
          ]
        },
        "metaType": "PROCESSOR",
        "preview": false,
        "disabled": false,
        "alwaysShowComment": false
      }
    ],
    "maxProcessedMemTableBytes": -1,
    "columnsSelection": {
      "mode": "ALL"
    },
    "coloring": {
      "scheme": "MEANING_AND_STATUS",
      "individualColumns": [],
      "valueColoringMode": "HASH"
    },
    "sorting": [],
    "analysisColumnData": {
      "Average_Salary": {
        "meaning": "DoubleMeaning"
      },
      "numLoans": {
        "meaning": "DoubleMeaning"
      }
    },
    "explorationSampling": {
      "selection": {
        "maxStoredBytes": 104857600,
        "filter": {
          "distinct": false,
          "enabled": false
        },
        "partitionSelectionMethod": "ALL",
        "latestPartitionsN": 1,
        "ordering": {
          "enabled": false,
          "rules": []
        },
        "samplingMethod": "HEAD_SEQUENTIAL",
        "maxRecords": 10000,
        "targetRatio": 0.02,
        "withinFirstN": -1,
        "maxReadUncompressedBytes": -1
      },
      "autoRefreshSample": false,
      "_refreshTrigger": 0
    },
    "vizSampling": {
      "autoRefreshSample": false,
      "_refreshTrigger": 0
    },
    "exploreUIParams": {
      "autoRefresh": true
    },
    "globalSearchQuery": "",
    "explorationFilters": [],
    "previewMode": "ALL_ROWS"
  },
  "charts": [],
  "name": "Analyze IndividualProjectDataset_111_distinct",
  "versionTag": {
    "versionNumber": 2,
    "lastModifiedBy": {
      "login": "admin"
    },
    "lastModifiedOn": 1561333170235
  },
  "creationTag": {
    "versionNumber": 0,
    "lastModifiedBy": {
      "login": "admin"
    },
    "lastModifiedOn": 1561292390770
  },
  "tags": [],
  "checklists": {
    "checklists": []
  }
}