{
  "inputDatasetSmartName": "IndividualProjectDataset_FINAL_joined_prepared_FINAL",
  "script": {
    "steps": [
      {
        "type": "ColumnsSelector",
        "params": {
          "keep": false,
          "appliesTo": "SINGLE_COLUMN",
          "columns": [
            "count"
          ]
        },
        "metaType": "PROCESSOR",
        "preview": false,
        "disabled": false,
        "alwaysShowComment": false
      },
      {
        "type": "ColumnReorder",
        "params": {
          "reorderAction": "AT_START",
          "appliesTo": "SINGLE_COLUMN",
          "columns": [
            "customerID"
          ]
        },
        "metaType": "PROCESSOR",
        "preview": false,
        "disabled": false,
        "alwaysShowComment": false
      },
      {
        "type": "ColumnRenamer",
        "params": {
          "renamings": [
            {
              "from": "indSimin",
              "to": "hasGuarantors"
            },
            {
              "from": "indXlist",
              "to": "hasDebts"
            },
            {
              "from": "indCreditBureau",
              "to": "isDelinquentCreditBureau"
            },
            {
              "from": "indInternet",
              "to": "askInfoOnline"
            },
            {
              "from": "indBadDebt",
              "to": "riskBadDebt"
            },
            {
              "from": "Average_Salary",
              "to": "AverageSalary"
            },
            {
              "from": "Unknown",
              "to": "ChanelUnknown"
            },
            {
              "from": "ChanelUnknown",
              "to": "ChannelUnknown"
            },
            {
              "from": "Recovery",
              "to": "ChannelRecovery"
            },
            {
              "from": "Online",
              "to": "ChannelOnline"
            },
            {
              "from": "App",
              "to": "ChannelApp"
            },
            {
              "from": "External Agent",
              "to": "ChannelExternalAgent"
            },
            {
              "from": "Center Call",
              "to": "ChannelCenterCall"
            },
            {
              "from": "Branch",
              "to": "ChannelBranch"
            },
            {
              "from": "target",
              "to": "UnpaidCreditCardFee"
            }
          ]
        },
        "metaType": "PROCESSOR",
        "preview": false,
        "disabled": false,
        "alwaysShowComment": false
      }
    ],
    "maxProcessedMemTableBytes": -1,
    "columnsSelection": {
      "mode": "ALL"
    },
    "coloring": {
      "scheme": "MEANING_AND_STATUS",
      "individualColumns": [],
      "valueColoringMode": "HASH"
    },
    "sorting": [],
    "analysisColumnData": {
      "numLoans": {
        "meaning": "DoubleMeaning"
      },
      "Average_Salary": {
        "meaning": "DoubleMeaning"
      }
    },
    "explorationSampling": {
      "selection": {
        "maxStoredBytes": 104857600,
        "filter": {
          "distinct": false,
          "enabled": false
        },
        "partitionSelectionMethod": "ALL",
        "latestPartitionsN": 1,
        "ordering": {
          "enabled": false,
          "rules": []
        },
        "samplingMethod": "HEAD_SEQUENTIAL",
        "maxRecords": 10000,
        "targetRatio": 0.02,
        "withinFirstN": -1,
        "maxReadUncompressedBytes": -1
      },
      "autoRefreshSample": false,
      "_refreshTrigger": 0
    },
    "vizSampling": {
      "autoRefreshSample": false,
      "_refreshTrigger": 0
    },
    "exploreUIParams": {
      "autoRefresh": true
    },
    "globalSearchQuery": "",
    "explorationFilters": [],
    "previewMode": "ALL_ROWS"
  },
  "charts": [],
  "name": "Analyze IndividualProjectDataset_FINAL_joined_prepared_FINAL",
  "versionTag": {
    "versionNumber": 1,
    "lastModifiedBy": {
      "login": "admin"
    },
    "lastModifiedOn": 1561388427951
  },
  "creationTag": {
    "versionNumber": 0,
    "lastModifiedBy": {
      "login": "admin"
    },
    "lastModifiedOn": 1561388036316
  },
  "tags": [],
  "checklists": {
    "checklists": []
  }
}